"5","1"
"5","2"
"5","3"
"4","4"
"2","5"
"4","6"
"1","7"
"4","8"
"3","9"
"4","10"
"5","11"
"3","12"
"5","13"
"2","14"
"5","15"
"5","16"
"5","17"
"3","18"
"5","19"
"5","20"
"5","21"
"3","22"
"5","23"
"2","24"
"5","25"
"3","26"
"5","27"
"4","28"
"4","29"
"5","30"
"1","31"
"4","32"
"5","33"
"5","34"
"5","35"
"1","36"
"4","37"
"5","38"
"4","39"
"2","40"
"4","41"
"5","42"
"5","43"
"3","44"
"4","45"
"5","46"
"5","47"
"5","48"
"4","49"
"5","50"
"5","51"
"5","52"
"5","53"
"5","54"
"5","55"
"5","56"
"5","57"
"4","58"
"5","59"
"5","60"
"5","61"
"4","62"
"2","63"
"5","64"
"5","65"
"1","66"
"1","67"
"5","68"
"1","69"
"5","70"
"2","71"
"3","72"
"3","73"
"4","74"
"5","75"
"5","76"
"1","77"
"5","78"
"5","79"
"3","80"
"5","81"
"5","82"
"1","83"
"5","84"
"5","85"
"1","86"
"5","87"
"5","88"
"2","89"
"5","90"
"4","91"
"5","92"
"5","93"
"5","94"
"4","95"
"5","96"
"5","97"
"5","98"
"3","99"
"5","100"
"1","101"
"5","102"
"4","103"
"5","104"
"5","105"
"5","106"
"3","107"
"5","108"
"5","109"
"3","110"
"5","111"
"4","112"
"5","113"
"5","114"
"4","115"
"4","116"
"4","117"
"5","118"
"5","119"
"5","120"
"4","121"
"2","122"
"5","123"
"5","124"
"4","125"
"1","126"
"5","127"
"3","128"
"5","129"
"3","130"
"4","131"
"5","132"
"3","133"
"5","134"
"3","135"
"4","136"
"5","137"
"4","138"
"3","139"
"5","140"
"4","141"
"5","142"
"4","143"
"5","144"
"5","145"
"5","146"
"5","147"
"4","148"
"5","149"
"5","150"
"4","151"
"4","152"
"5","153"
"5","155"
"5","156"
"4","157"
"5","158"
"4","159"
"5","160"
"5","161"
"5","162"
"5","163"
"1","164"
"3","165"
"5","166"
"5","167"
"4","168"
"3","169"
"5","170"
"5","171"
"5","172"
"4","173"
"5","174"
"5","175"
"5","176"
"5","177"
"5","178"
"5","179"
"3","180"
"5","181"
"5","182"
"5","183"
"4","184"
"5","185"
"4","186"
"5","187"
"5","188"
"4","189"
"5","190"
"5","191"
"5","192"
"4","193"
"4","194"
"5","195"
"5","196"
"4","197"
"3","198"
"5","199"
"5","200"
"5","201"
"5","202"
"3","203"
"2","204"
"4","205"
"5","206"
"5","207"
"4","208"
"4","209"
"4","210"
"5","211"
"3","212"
"5","213"
"2","214"
"1","215"
"4","216"
"5","217"
"5","218"
"1","219"
"5","220"
"4","221"
"5","222"
"4","223"
"5","224"
"5","225"
"1","226"
"5","227"
"5","228"
"5","229"
"5","230"
"5","231"
"5","232"
"5","233"
"5","234"
"3","235"
"5","236"
"5","237"
"3","238"
"5","239"
"3","240"
"5","241"
"5","242"
"5","243"
"5","244"
"3","245"
"4","246"
"5","247"
"3","248"
"4","249"
"5","250"
"1","251"
"4","252"
"5","253"
"4","254"
"5","255"
"3","256"
"3","257"
"4","258"
"5","259"
"5","260"
"5","261"
"5","262"
"5","263"
"5","264"
"5","265"
"5","266"
"4","267"
"5","268"
"5","269"
"5","270"
"5","271"
"5","272"
"5","273"
"4","274"
"3","275"
"5","276"
"5","277"
"5","278"
"5","279"
"4","280"
"4","281"
"5","282"
"5","283"
"5","284"
"5","285"
"5","286"
"3","287"
"4","288"
"5","289"
"5","290"
"4","291"
"4","292"
"5","293"
"5","294"
"5","295"
"4","296"
"2","297"
"5","298"
"4","299"
"5","300"
"4","301"
"5","302"
"5","303"
"5","304"
"5","305"
"5","306"
"5","307"
"5","308"
"5","309"
"5","310"
"5","311"
"5","312"
"5","313"
"5","314"
"5","315"
"5","316"
"5","317"
"5","318"
"5","319"
"5","320"
"5","321"
"5","322"
"5","323"
"4","324"
"2","325"
"1","326"
"5","327"
"5","328"
"3","329"
"5","330"
"4","331"
"5","332"
"5","333"
"5","334"
"4","335"
"2","336"
"5","337"
"4","338"
"5","339"
"5","340"
"5","341"
"5","342"
"4","343"
"5","344"
"5","345"
"5","346"
"5","347"
"4","348"
"2","349"
"5","350"
"5","351"
"4","352"
"4","353"
"5","354"
"5","355"
"5","356"
"3","357"
"5","358"
"5","359"
"5","360"
"5","361"
"1","362"
"5","363"
"5","364"
"5","365"
"5","366"
"5","367"
"5","368"
"1","369"
"4","370"
"5","371"
"5","372"
"5","373"
"5","374"
"5","375"
"5","376"
"5","377"
"5","378"
"4","379"
"5","380"
"5","381"
"5","382"
"5","383"
"5","384"
"5","385"
"5","386"
"5","387"
"5","388"
"5","389"
"5","390"
"5","391"
"4","392"
"5","393"
"5","394"
"5","395"
"5","396"
"5","397"
"5","398"
"5","399"
"5","400"
"5","401"
"5","402"
"5","403"
"5","404"
"5","405"
"5","406"
"2","407"
"5","408"
"5","409"
"5","410"
"5","411"
"5","412"
"5","413"
"5","414"
"4","415"
"4","416"
"5","417"
"5","418"
"5","419"
"5","420"
"5","421"
"5","422"
"5","423"
"5","424"
"5","425"
"5","426"
"5","427"
"5","428"
"5","429"
"5","430"
"5","431"
"5","432"
"5","433"
"5","434"
"5","435"
"5","436"
"5","437"
"5","438"
"5","439"
"5","440"
"5","441"
"5","442"
"4","443"
"4","444"
"5","445"
"5","446"
"5","447"
"5","448"
"3","449"
"5","450"
"5","451"
"5","452"
"5","453"
"5","454"
"5","455"
"5","456"
"5","457"
"5","458"
"5","459"
"4","460"
"5","461"
"5","462"
"5","463"
"5","464"
"5","465"
"5","466"
"5","467"
"5","468"
"5","469"
"4","470"
"5","471"
"5","472"
"5","473"
"5","474"
"3","475"
"3","476"
"5","477"
"4","478"
"5","479"
"5","480"
"5","481"
"5","482"
"4","483"
"2","484"
"5","485"
"4","486"
"5","487"
"1","488"
"5","489"
"5","490"
"5","491"
"5","492"
"5","493"
"1","494"
"5","495"
"5","496"
"5","497"
"1","498"
"5","499"
"5","500"
"5","501"
"5","502"
"5","503"
"4","504"
"5","505"
"3","506"
"4","507"
"5","508"
"5","509"
"5","510"
"1","511"
"5","512"
"2","513"
"2","514"
"5","515"
"5","516"
"4","517"
"5","518"
"4","519"
"5","520"
"5","521"
"5","522"
"4","523"
"5","524"
"5","525"
"5","526"
"5","527"
"4","528"
"1","529"
"5","530"
"5","531"
"5","532"
"4","533"
"4","534"
"5","535"
"5","536"
"5","537"
"5","538"
"1","539"
"1","540"
"1","541"
"5","542"
"4","543"
"5","544"
"5","545"
"2","546"
"5","547"
"5","548"
"5","549"
"2","550"
"4","551"
"5","552"
"5","553"
"4","554"
"5","555"
"5","556"
"5","557"
"5","558"
"5","559"
"5","560"
"3","561"
"5","562"
"5","563"
"5","564"
"5","565"
"3","566"
"3","567"
"5","568"
"3","569"
"5","570"
"5","571"
"5","572"
"5","573"
"5","574"
"5","575"
"4","576"
"5","577"
"4","578"
"5","579"
"5","580"
"5","581"
"5","582"
"5","583"
"5","584"
"4","585"
"5","586"
"5","587"
"5","588"
"5","589"
"5","590"
"5","591"
"5","592"
"5","593"
"5","594"
"4","595"
"5","596"
"5","597"
"5","598"
"4","599"
"5","600"
"5","601"
"5","602"
"4","603"
"5","604"
"5","605"
"5","606"
"5","607"
"5","608"
"3","609"
"5","610"
"5","611"
"5","612"
"5","613"
"5","614"
"5","615"
"5","616"
"5","617"
"4","618"
"5","619"
"5","620"
"5","621"
"5","622"
"5","623"
"4","624"
"4","625"
"5","626"
"5","627"
"5","628"
"5","629"
"5","630"
"5","631"
"4","632"
"5","633"
"3","634"
"5","635"
"5","636"
"5","637"
"5","638"
"5","639"
"5","640"
"3","641"
"5","642"
"5","643"
"1","644"
"2","645"
"5","646"
"5","647"
"5","648"
"5","649"
"5","650"
"5","652"
"3","653"
"5","654"
"4","655"
"5","656"
"5","657"
"1","658"
"5","659"
"4","660"
"4","661"
"5","662"
"5","663"
"5","664"
"5","665"
"5","666"
"1","667"
"5","668"
"5","669"
"4","670"
"5","671"
"5","672"
"5","673"
"5","674"
"5","675"
"5","676"
"5","677"
"1","678"
"5","679"
"5","680"
"5","681"
"5","682"
"5","683"
"5","684"
"4","685"
"5","686"
"5","687"
"5","688"
"5","689"
"5","690"
"1","691"
"5","692"
"5","693"
"5","694"
"1","695"
"5","696"
"5","697"
"5","698"
"5","699"
"5","700"
"5","1024"
"5","1025"
"5","1026"
"4","1027"
"5","1028"
"4","1029"
"5","1030"
"5","1031"
"2","1032"
"4","1033"
"1","1034"
"4","1035"
"4","1036"
"5","1037"
"5","1038"
"5","1039"
"4","1040"
"4","1041"
"2","1042"
"1","1043"
"3","1044"
"5","1045"
"4","1046"
"4","1047"
"4","1048"
"1","1049"
"4","1050"
"5","1051"
"4","1052"
"5","1053"
"5","1054"
"4","1055"
"4","1056"
"4","1057"
"1","1058"
"5","1059"
"5","1060"
"4","1061"
"4","1062"
"4","1063"
"5","1064"
"5","1065"
"1","1066"
"5","1067"
"5","1068"
"4","1069"
"5","1070"
"5","1071"
"5","1072"
"5","1073"
"5","1074"
"5","1075"
"5","1076"
"5","1077"
"5","1078"
"5","1079"
"5","1080"
"5","1081"
"5","1082"
"5","1083"
"5","1084"
"1","1085"
"5","1086"
"4","1087"
"5","1088"
"5","1089"
"4","1090"
"5","1091"
"5","1092"
"5","1093"
"5","1094"
"5","1095"
"5","1096"
"5","1097"
"5","1098"
"5","1099"
"4","1100"
"5","1101"
"5","1102"
"5","1103"
"4","1104"
"5","1105"
"5","1106"
"5","1107"
"5","1108"
"4","1109"
"5","1110"
"5","1111"
"5","1112"
"5","1113"
"5","1114"
"5","1115"
"5","1116"
"5","1117"
"5","1118"
"5","1119"
"5","1120"
"5","1121"
"5","1122"
"5","1123"
"1","1124"
"5","1125"
"5","1126"
"5","1127"
"5","1128"
"5","1129"
"5","1130"
"5","1131"
"5","1132"
"5","1133"
"3","1134"
"5","1135"
"5","1136"
"5","1137"
"5","1138"
"5","1139"
"4","1140"
"5","1141"
"5","1142"
"5","1143"
"5","1144"
"5","1145"
"4","1146"
"5","1147"
"5","1148"
"5","1149"
"5","1150"
"5","1151"
"5","1152"
"3","1153"
"5","1154"
"5","1155"
"5","1156"
"5","1157"
"5","1158"
"5","1159"
"5","1160"
"4","1161"
"5","1162"
"5","1163"
"5","1164"
"5","1165"
"4","1166"
"5","1167"
"5","1168"
"5","1169"
"5","1170"
"5","1171"
"5","1172"
"5","1173"
"5","1174"
"4","1175"
"4","1176"
"5","1177"
"5","1178"
"5","1179"
"5","1180"
"5","1181"
"5","1182"
"5","1183"
"5","1184"
"4","1185"
"5","1186"
"5","1187"
"5","1188"
"5","1189"
"4","1190"
"4","1191"
"5","1192"
"5","1193"
"5","1194"
"5","1195"
"5","1196"
"5","1197"
"5","1198"
"5","1199"
"5","1200"
"5","1201"
"5","1202"
"5","1203"
"5","1204"
"5","1205"
"5","1206"
"5","1207"
"4","1208"
"5","1209"
"4","1210"
"5","1211"
"5","1212"
"5","1213"
"5","1214"
"3","1215"
"5","1216"
"5","1217"
"5","1218"
"5","1219"
"5","1220"
"5","1221"
"5","1222"
"5","1223"
"4","1224"
"5","1225"
"5","1226"
"5","1227"
"5","1228"
"5","1229"
"4","1230"
"5","1231"
"5","1232"
"5","1233"
"5","1234"
"5","1235"
"5","1236"
"5","1237"
"5","1238"
"5","1239"
"5","1240"
"4","1241"
"5","1242"
"5","1243"
"5","1244"
"5","1245"
"5","1246"
"5","1247"
"5","1248"
"5","1249"
"5","1250"
"5","1251"
"5","1252"
"5","1253"
"5","1254"
"5","1255"
"4","1256"
"1","1257"
"5","1258"
"5","1259"
"5","1260"
"5","1261"
"5","1262"
"5","1264"
"5","1265"
"5","1266"
"5","1267"
"4","1268"
"1","1269"
"3","1270"
"5","1271"
"4","1272"
"5","1273"
"5","1274"
"4","1275"
"5","1276"
"5","1277"
"5","1278"
"4","1279"
"5","1280"
"5","1281"
"4","1282"
"5","1283"
"5","1284"
"1","1285"
"5","1286"
"5","1287"
"4","1288"
"5","1289"
"5","1290"
"4","1291"
"5","1292"
"5","1293"
"5","1294"
"5","1295"
"5","1296"
"5","1297"
"5","1298"
"5","1299"
"5","1300"
"5","1301"
"2","1302"
"5","1303"
"5","1304"
"4","1305"
"3","1306"
"5","1307"
"5","1308"
"5","1309"
"5","1310"
"5","1311"
"1","1312"
"4","1313"
"5","1314"
"5","1315"
"5","1316"
"5","1317"
"5","1318"
"5","1319"
"5","1320"
"5","1321"
"5","1322"
"5","1323"
"5","1324"
"5","1325"
"5","1326"
"5","1327"
"5","1328"
"5","1329"
"5","1330"
"5","1331"
"5","1332"
"1","1333"
"5","1334"
"5","1335"
"5","1336"
"5","1337"
"5","1338"
"5","1339"
"5","1340"
"5","1341"
"4","1342"
"4","1343"
"5","1344"
"4","1345"
"4","1346"
"5","1347"
"5","1348"
"5","1349"
"5","1350"
"5","1351"
"5","1352"
"1","1353"
"5","1354"
"5","1355"
"5","1356"
"5","1357"
"5","1358"
"5","1359"
"5","1360"
"5","1361"
"5","1362"
"5","1363"
"1","1364"
"5","1365"
"5","1366"
"5","1367"
"2","1368"
"5","1369"
"5","1370"
"5","1371"
"4","1372"
"4","1373"
"5","1374"
"5","1375"
"5","1376"
"5","1377"
"5","1378"
"5","1379"
"5","1380"
"5","1381"
"5","1382"
"5","1383"
"3","1384"
"5","1385"
"5","1386"
"3","1387"
"5","1388"
"5","1389"
"2","1390"
"1","1391"
"5","1392"
"4","1393"
"5","1394"
"5","1395"
"5","1396"
"4","1397"
"5","1398"
"4","1399"
"5","1400"
"5","1401"
"5","1402"
"5","1403"
"5","1404"
"5","1405"
"5","1406"
"5","1407"
"5","1408"
"5","1409"
"5","1410"
"5","1411"
"5","1412"
"5","1413"
"4","1414"
"5","1415"
"5","1416"
"3","1417"
"5","1418"
"5","1419"
"5","1420"
"4","1421"
"5","1422"
"5","1423"
"5","1424"
"3","1425"
"5","1426"
"4","1427"
"4","1428"
"2","1429"
"5","1430"
"4","1431"
"4","1432"
"5","1433"
"4","1434"
"5","1435"
"5","1436"
"4","1437"
"5","1438"
"5","1439"
"5","1440"
"5","1441"
"5","1442"
"4","1443"
"5","1444"
"5","1445"
"5","1446"
"5","1447"
"5","1448"
"1","1449"
"4","1450"
"4","1451"
"5","1452"
"4","1453"
"3","1454"
"5","1455"
"5","1456"
"2","1457"
"5","1458"
"4","1459"
"5","1460"
"4","1461"
"5","1462"
"5","1463"
"5","1464"
"1","1465"
"4","1466"
"5","1467"
"5","1468"
"5","1469"
"5","1470"
"5","1471"
"5","1472"
"5","1473"
"4","1474"
"5","1475"
"4","1476"
"5","1477"
"4","1478"
"4","1479"
"5","1480"
"5","1481"
"5","1482"
"4","1483"
"5","1484"
"5","1485"
"5","1486"
"5","1487"
"5","1488"
"5","1489"
"5","1490"
"5","1491"
"5","1492"
"5","1493"
"5","1494"
"5","1495"
"5","1496"
"5","1497"
"4","1498"
"5","1499"
"5","1500"
"5","1501"
"5","1502"
"5","1503"
"5","1504"
"5","1505"
"5","1506"
"3","1507"
"5","1508"
"5","1509"
"5","1510"
"5","1511"
"4","1512"
"5","1513"
"3","1514"
"5","1515"
"4","1516"
"5","1517"
"5","1518"
"5","1519"
"5","1520"
"5","1521"
"4","1522"
"5","1523"
"5","1524"
"5","1525"
"5","1526"
"4","1527"
"5","1528"
"5","1529"
"5","1530"
"4","1531"
"5","1532"
"4","1533"
"5","1534"
"4","1535"
"5","1536"
"3","1537"
"1","1538"
"4","1539"
"3","1540"
"5","1541"
"5","1542"
"5","1543"
"1","1544"
"5","1545"
"5","1546"
"5","1547"
"4","1548"
"5","1549"
"5","1550"
"5","1551"
"5","1552"
"5","1553"
"5","1554"
"5","1555"
"5","1556"
"4","1557"
"3","1558"
"5","1559"
"5","1560"
"5","1561"
"5","1562"
"5","1563"
"4","1564"
"5","1565"
"1","1566"
"5","1567"
"5","1568"
"5","1569"
"5","1570"
"5","1571"
"5","1572"
"5","1573"
"1","1574"
"5","1575"
"5","1576"
"5","1577"
"5","1578"
"5","1579"
"5","1580"
"5","1581"
"5","1582"
"5","1583"
"5","1584"
"5","1585"
"5","1586"
"4","1587"
"5","1588"
"5","1589"
"5","1590"
"4","1591"
"2","1592"
"3","1593"
"5","1594"
"5","1595"
"4","1596"
"5","1597"
"5","1598"
"5","1599"
"5","1600"
"5","1601"
"1","1602"
"4","1603"
"5","1604"
"5","1605"
"5","1606"
"5","1607"
"5","1608"
"5","1609"
"4","1610"
"4","1611"
"5","1612"
"4","1613"
"4","1614"
"4","1615"
"5","1616"
"5","1617"
"5","1618"
"5","1619"
"5","1620"
"5","1621"
"5","1622"
"5","1623"
"5","1624"
"5","1625"
"5","1626"
"5","1627"
"5","1628"
"5","1629"
"5","1630"
"5","1631"
"4","1632"
"5","1633"
"5","1634"
"5","1635"
"5","1636"
"5","1637"
"5","1638"
"5","1639"
"5","1640"
"1","1641"
"5","1642"
"5","1643"
"5","1644"
"5","1645"
"5","1646"
"5","1647"
"5","1648"
"5","1649"
"5","1650"
"5","1651"
"4","1652"
"5","1653"
"5","1654"
"5","1655"
"5","1656"
"4","1657"
"5","1658"
"5","1659"
"5","1660"
"5","1661"
"5","1662"
"5","1663"
"5","1664"
"2","1665"
"5","1666"
"5","1667"
"5","1668"
"5","1669"
"5","1670"
"5","1671"
"5","1672"
"5","1673"
"3","1674"
"5","1675"
"5","1676"
"5","1677"
"5","1678"
"5","1679"
"4","1680"
"5","1681"
"5","1682"
"5","1683"
"5","1684"
"5","1685"
"4","1686"
"5","1687"
"4","1689"
"3","1698"
"1","1699"
"3","1704"
"4","1705"
"4","1713"
"4","1714"
"2","1727"
"4","1736"
"4","1748"
"4","1756"
"4","1759"
"1","1774"
"1","1780"
"4","1782"
"1","1786"
"4","1800"
"4","1802"
"4","1804"
"4","1816"
"4","1817"
"4","1821"
"1","1825"
"1","1828"
"4","1829"
"4","1830"
"4","1832"
"3","1833"
"2","1836"
"2","1841"
"1","1844"
"4","1850"
"4","1857"
"4","1869"
"4","1873"
"4","1876"
"4","1886"
"4","1889"
"4","1891"
"4","1893"
"4","1895"
"1","2047"
"3","2048"
"4","2049"
"4","2055"
"4","2060"
"2","2061"
"4","2066"
"4","2067"
"1","2070"
"1","2072"
"3","2076"
"1","2077"
"4","2082"
"4","2083"
"3","2085"
"2","2086"
"2","2089"
"4","2093"
"4","2100"
"1","2101"
"4","2108"
"4","2112"
"3","2115"
"4","2119"
"4","2122"
"3","2125"
"4","2127"
"4","2128"
"4","2134"
"4","2137"
"4","2140"
"4","2142"
"1","2143"
"4","2146"
"3","2149"
"4","2153"
"4","2156"
"4","2158"
"3","2159"
"4","2161"
"4","2162"
"3","2163"
"2","2166"
"1","2182"
"4","2184"
"4","2185"
"2","2186"
"4","2189"
"4","2190"
"4","2194"
"3","2196"
"4","2197"
"4","2198"
"4","2203"
"4","2205"
"2","2206"
"1","2208"
"1","2209"
"3","2214"
"1","2218"
"1","2222"
"1","2226"
"1","2227"
"3","2228"
"1","2229"
"1","2231"
"1","2235"
"4","2237"
"4","2238"
"3","2239"
"1","2240"
"1","2241"
"4","2245"
"4","2246"
"4","2248"
"4","2250"
"4","2253"
"3","2255"
"4","2262"
"1","2265"
"4","2272"
"1","2278"
"1","2279"
"4","2280"
"3","2281"
"1","2282"
"4","2285"
"3","2286"
"3","2287"
"2","2292"
"1","2293"
"4","2294"
"4","2296"
"4","2298"
"4","2305"
"4","2307"
"3","2308"
"4","2309"
"4","2310"
"4","2311"
"3","2312"
"3","2315"
"3","2316"
"4","2317"
"4","2318"
"4","2319"
"1","2324"
"4","2327"
"1","2330"
"4","2333"
"4","2342"
"1","2343"
"3","2345"
"4","2346"
"4","2347"
"1","2351"
"4","2354"
"1","2355"
"4","2356"
"4","2359"
"4","2365"
"4","2373"
"4","2376"
"2","2380"
"4","2382"
"4","2384"
"4","2390"
"1","2391"
"4","2394"
"4","2395"
"4","2405"
"4","2408"
"2","2411"
"3","2414"
"4","2431"
"4","2433"
"4","2438"
"3","2439"
"3","2440"
"4","2441"
"4","2443"
"3","2444"
"2","2455"
"4","2456"
"1","2457"
"1","2460"
"1","2461"
"3","2464"
"4","2467"
"1","2478"
"4","2482"
"2","2488"
"4","2489"
"4","2491"
"4","2492"
"4","2498"
"1","2521"
"4","2522"
"4","2527"
"4","2530"
"3","2531"
"4","2532"
"3","2535"
"4","2536"
"4","2538"
"2","2541"
"3","2544"
"2","2547"
"1","2553"
"4","2556"
"4","2571"
"4","2573"
"4","2578"
"3","2579"
"3","2580"
"4","2581"
"4","2583"
"3","2584"
"2","2595"
"4","2596"
"4","2597"
"4","2618"
"1","2642"
"4","2643"
"4","2648"
"4","2651"
"3","2652"
"4","2653"
"3","2656"
"4","2657"
"1","2658"
"1","2659"
"1","2660"
"4","2661"
"3","2662"
"1","2663"
"1","2664"
"4","2665"
"3","2666"
"4","2667"
"3","2668"
"2","2669"
"1","2670"
"3","2671"
"1","2672"
"1","2673"
"2","2674"
"1","2675"
"4","2677"
"1","2678"
"4","2680"
"4","2686"
"4","2692"
"4","2694"
"4","2696"
"3","2697"
"4","2706"
"4","2711"
"4","2712"
"2","2714"
"4","2719"
"4","2721"
"4","2723"
"4","2724"
"4","2726"
"4","2735"
"4","2737"
"1","2738"
"1","2741"
"4","2748"
"3","2749"
"2","2751"
"4","2757"
"2","2761"
"4","2772"
"4","2780"
"4","2783"
"1","2790"
"4","2794"
"3","2795"
"4","2806"
"3","2810"
"4","2813"
"4","2817"
"3","2823"
"4","2824"
"4","2828"
"4","2834"
"4","2840"
"2","2843"
"4","2846"
"4","2850"
"3","2852"
"4","2855"
"4","2866"
"1","2867"
"1","2868"
"2","2870"
"1","2871"
"2","2873"
"3","2877"
"2","2878"
"4","2890"
"4","2898"
"3","2899"
"3","2900"
"4","2902"
"4","2903"
"4","2906"
"3","2908"
"4","2918"
"1","2924"
"4","2934"
"3","2939"
"4","2946"
"3","2953"
"1","2955"
"3","2961"
"4","2964"
"2","2966"
"1","2990"
"3","2992"
"4","2994"
"4","2997"
"3","3005"
"4","3016"
"1","3017"
"4","3019"
"2","3023"
"2","3025"
"4","3028"
"4","3065"
"4","3068"
"4","3070"
"4","3071"
"4","3076"
"4","3081"
"4","3083"
"1","3085"
"4","3092"
"4","3093"
"4","3100"
"1","3101"
"4","3103"
"4","3108"
"4","3112"
"1","3114"
"4","3137"
"1","3139"
"4","3142"
"4","3149"
"1","3156"
"4","3158"
"4","3161"
"4","3162"
"4","3163"
"4","3167"
"4","3177"
"4","3181"
"1","3183"
"4","3186"
"4","3188"
"4","3198"
"4","3199"
"4","3200"
"3","3201"
"2","3202"
"4","3203"
"4","3208"
"4","3217"
"2","3220"
"4","3236"
"4","3239"
"1","3241"
"4","3246"
"4","3252"
"4","3253"
"4","3254"
"1","3261"
"4","3264"
"4","3266"
"4","3271"
"2","3273"
"4","3276"
"2","3284"
"4","3288"
"2","3295"
"4","3299"
"4","3300"
"4","3305"
"4","3307"
"4","3322"
"1","3327"
"4","3335"
"4","3336"
"2","3338"
"4","3339"
"4","3341"
"4","3343"
"4","3345"
"4","3351"
"3","3358"
"4","3359"
"4","3361"
"4","3362"
"4","3363"
"4","3365"
"4","3381"
"4","3390"
"4","3391"
"2","3400"
"4","3404"
"4","3411"
"4","3415"
"4","3417"
"3","3418"
"4","3421"
"1","3440"
"3","3445"
"3","3447"
"3","3454"
"2","3455"
"3","3456"
"4","3457"
"4","3459"
"4","3466"
"4","3467"
"2","3468"
"4","3469"
"4","3471"
"1","3474"
"4","3478"
"4","3480"
"4","3483"
"4","3485"
"2","3490"
"3","3491"
"2","3494"
"1","3497"
"4","3499"
"4","3500"
"1","3501"
"1","3505"
"4","3506"
"3","3507"
"1","3513"
"4","3518"
"4","3520"
"2","3521"
"4","3523"
"1","3524"
"1","3528"
"1","3531"
"1","3534"
"4","3535"
"4","3537"
"4","3538"
"4","3541"
"1","3549"
"4","3550"
"4","3552"
"4","3553"
"1","3554"
"4","3555"
"1","3558"
"1","3559"
"3","3564"
"4","3566"
"3","3567"
"1","3568"
"4","3569"
"4","3579"
"4","3580"
"1","3581"
"2","3582"
"4","3585"
"4","3590"
"3","3592"
"4","3595"
"2","3596"
"4","3597"
"2","3598"
"4","3600"
"1","3601"
"2","3602"
"2","3607"
"3","3609"
"2","3610"
"1","3611"
"2","3612"
"4","3615"
"1","3616"
"4","3621"
"2","3622"
"4","3623"
"4","3624"
"1","3626"
"4","3627"
"1","3628"
"3","3629"
"4","3635"
"4","3639"
"3","3640"
"4","3641"
"2","3643"
"4","3644"
"4","3646"
"2","3647"
"1","3652"
"4","3653"
"1","3656"
"3","3659"
"1","3663"
"4","3664"
"1","3666"
"2","3671"
"1","3672"
"3","3674"
"2","3675"
"1","3677"
"2","3678"
"3","3681"
"2","3683"
"1","3687"
"4","3688"
"3","3689"
"4","3693"
"3","3696"
"2","3698"
"1","3701"
"3","3705"
"1","3707"
"1","3708"
"2","3709"
"1","3711"
"1","3712"
"1","3715"
"4","3717"
"4","3718"
"3","3720"
"4","3722"
"3","3723"
"1","3726"
"2","3731"
"3","3732"
"4","3733"
"1","3740"
"2","3741"
"4","3743"
"1","3745"
"3","3746"
"1","3753"
"3","3757"
"4","3758"
"1","3761"
"3","3762"
"2","3766"
"2","3767"
"2","3771"
"1","3773"
"1","3777"
"3","3781"
"3","3783"
"4","3785"
"1","3788"
"1","3791"
"2","3792"
"4","3793"
"2","3795"
"1","3796"
"1","3799"
"2","3803"
"2","3806"
"4","3809"
"2","3814"
"4","3815"
"4","3821"
"4","3822"
"4","3823"
"3","3828"
"3","3830"
"4","3831"
"4","3833"
"4","3834"
"1","3835"
"1","3837"
"1","3839"
"2","3845"
"1","3848"
"1","3855"
"4","3857"
"4","3861"
"4","3863"
"3","3864"
"4","3865"
"3","3869"
"3","3879"
"4","3881"
"2","3882"
"4","3883"
"3","3884"
"1","3886"
"4","3888"
"3","3890"
"2","3893"
"4","3898"
"4","3899"
"4","3900"
"4","3901"
"4","3902"
"3","3906"
"4","3907"
"4","3910"
"3","3911"
"3","3913"
"3","3915"
"2","3917"
"4","3920"
"2","3925"
"4","3926"
"1","3927"
"3","3928"
"4","3929"
"1","3932"
"1","3945"
"2","3946"
"1","3951"
"2","3962"
"4","3964"
"4","3966"
"4","3968"
"4","3972"
"4","3974"
"1","3976"
"4","3977"
"4","3979"
"4","3981"
"4","3986"
"1","3987"
"4","3988"
"4","3991"
"4","3992"
"4","3996"
"2","3998"
"3","3999"
"3","4000"
"4","4010"
"2","4011"
"1","4012"
"2","4014"
"3","4015"
"2","4016"
"3","4018"
"2","4019"
"1","4024"
"4","4031"
"4","4032"
"4","4034"
"1","4035"
"2","4036"
"1","4037"
"1","4039"
"4","4040"
"4","4041"
"4","4042"
"3","4043"
"3","4046"
"1","4047"
"2","4049"
"4","4050"
"3","4053"
"4","4054"
"4","4056"
"1","4058"
"4","4059"
"2","4060"
"4","4061"
"4","4065"
"3","4066"
"1","4067"
"2","4068"
"4","4069"
"3","4070"
"4","4071"
"3","4074"
"4","4077"
"3","4078"
"2","4080"
"1","4084"
"3","4085"
"4","4086"
"4","4090"
"2","4091"
"4","4093"
"4","4096"
"4","4098"
"4","4104"
"4","4108"
"4","4110"
"1","4111"
"2","4112"
"4","4114"
"1","4115"
"2","4117"
"3","4118"
"1","4119"
"3","4123"
"3","4125"
"3","4128"
"4","4134"
"2","4135"
"2","4137"
"3","4140"
"4","4141"
"4","4143"
"4","4144"
"4","4146"
"4","4147"
"2","4148"
"2","4150"
"3","4151"
"2","4153"
"1","4157"
"2","4162"
"1","4164"
"2","4165"
"4","4167"
"4","4169"
"4","4170"
"1","4173"
"4","4175"
"4","4176"
"3","4178"
"4","4179"
"3","4180"
"1","4182"
"2","4185"
"4","4188"
"3","4191"
"4","4194"
"4","4196"
"4","4197"
"4","4198"
"2","4201"
"4","4206"
"4","4207"
"4","4223"
"4","4224"
"3","4228"
"4","4229"
"4","4230"
"2","4234"
"1","4238"
"3","4239"
"4","4241"
"4","4256"
"1","4262"
"4","4266"
"4","4267"
"4","4269"
"4","4277"
"4","4280"
"4","4303"
"4","4306"
"4","4311"
"4","4312"
"4","4313"
"4","4321"
"4","4322"
"4","4326"
"4","4327"
"4","4328"
"1","4332"
"4","4333"
"2","4336"
"2","4338"
"4","4341"
"4","4346"
"3","4361"
"3","4362"
"4","4370"
"4","4372"
"4","4374"
"4","4383"
"4","4385"
"2","4386"
"4","4389"
"4","4397"
"4","4401"
"3","4410"
"4","4411"
"3","4416"
"4","4424"
"4","4449"
"2","4450"
"4","4452"
"3","4453"
"4","4455"
"4","4463"
"4","4464"
"1","4469"
"2","4470"
"4","4474"
"4","4477"
"4","4480"
"4","4481"
"4","4482"
"2","4483"
"4","4489"
"3","4493"
"4","4498"
"4","4499"
"4","4501"
"4","4507"
"4","4508"
"4","4513"
"4","4525"
"4","4528"
"3","4532"
"4","4534"
"4","4535"
"1","4547"
"3","4548"
"3","4551"
"2","4557"
"1","4558"
"4","4559"
"4","4566"
"3","4571"
"2","4573"
"4","4578"
"2","4588"
"4","4602"
"4","4606"
"4","4612"
"1","4615"
"1","4616"
"3","4623"
"4","4627"
"4","4634"
"4","4636"
"4","4640"
"4","4645"
"3","4648"
"4","4660"
"4","4661"
"1","4670"
"1","4674"
"4","4685"
"4","4687"
"4","4702"
"4","4703"
"4","4707"
"4","4710"
"3","4711"
"3","4713"
"3","4715"
"4","4717"
"3","4742"
"4","4753"
"4","4757"
"4","4758"
"4","4759"
"4","4768"
"4","4774"
"3","4780"
"1","4785"
"4","4790"
"2","4791"
"4","4794"
"4","4797"
"1","4805"
"3","4806"
"2","4810"
"4","4812"
"4","4817"
"4","4820"
"4","4821"
"1","4822"
"2","4823"
"4","4824"
"1","4826"
"4","4827"
"2","4828"
"4","4829"
"2","4833"
"3","4835"
"3","4839"
"1","4844"
"4","4846"
"1","4851"
"4","4856"
"2","4858"
"4","4862"
"4","4867"
"4","4873"
"3","4880"
"4","4881"
"4","4883"
"4","4887"
"2","4888"
"4","4889"
"1","4891"
"1","4892"
"4","4900"
"3","4902"
"4","4903"
"3","4904"
"2","4905"
"2","4906"
"4","4907"
"4","4908"
"2","4909"
"2","4910"
"4","4911"
"4","4913"
"4","4920"
"3","4921"
"1","4923"
"4","4925"
"3","4928"
"1","4930"
"1","4932"
"4","4933"
"3","4934"
"1","4935"
"1","4939"
"4","4944"
"4","4947"
"4","4949"
"3","4955"
"1","4958"
"1","4960"
"4","4962"
"4","4964"
"4","4965"
"4","4967"
"3","4970"
"4","4977"
"4","4978"
"4","4979"
"4","4980"
"4","4982"
"1","4983"
"1","4986"
"3","4992"
"4","4993"
"4","4995"
"4","4996"
"1","4999"
"3","5000"
"3","5003"
"4","5004"
"2","5005"
"4","5007"
"4","5008"
"2","5009"
"3","5010"
"4","5012"
"4","5015"
"3","5017"
"3","5018"
"4","5020"
"1","5022"
"1","5028"
"4","5030"
"4","5035"
"2","5041"
"2","5046"
"4","5047"
"3","5048"
"4","5049"
"1","5050"
"4","5054"
"2","5055"
"1","5057"
"4","5062"
"1","5064"
"3","5065"
"2","5067"
"2","5069"
"1","5070"
"1","5072"
"4","5077"
"3","5080"
"3","5084"
"2","5088"
"2","5094"
"4","5095"
"4","5096"
"2","5097"
"3","5098"
"4","5101"
"4","5103"
"2","5106"
"4","5107"
"3","5110"
"4","5111"
"2","5112"
"4","5113"
"4","5118"
"1","5119"
"1","5120"
"4","5121"
"2","5122"
"4","5123"
"3","5124"
"3","5125"
"1","5126"
"1","5131"
"1","5134"
"4","5136"
"2","5145"
"4","5147"
"4","5148"
"4","5150"
"4","5154"
"4","5155"
"4","5157"
"4","5158"
"4","5159"
"2","5163"
"4","5164"
"3","5167"
"4","5176"
"4","5182"
"2","5186"
"2","5187"
"4","5189"
"3","5190"
"4","5195"
"1","5198"
"3","5200"
"4","5201"
"4","5204"
"4","5205"
"4","5206"
"4","5208"
"4","5209"
"4","5210"
"4","5215"
"4","5220"
"4","5227"
"4","5233"
"4","5234"
"2","5235"
"2","5238"
"2","5239"
"4","5240"
"1","5248"
"4","5249"
"2","5250"
"4","5252"
"4","5253"
"3","5254"
"4","5259"
"2","5260"
"4","5266"
"4","5274"
"1","5275"
"4","5277"
"4","5279"
"1","5281"
"3","5283"
"2","5288"
"2","5297"
"3","5302"
"4","5303"
"1","5304"
"4","5305"
"1","5308"
"3","5309"
"4","5310"
"4","5312"
"4","5314"
"4","5315"
"1","5323"
"4","5327"
"4","5328"
"4","5331"
"4","5336"
"4","5341"
"1","5344"
"1","5345"
"3","5346"
"4","5347"
"4","5350"
"2","5351"
"2","5354"
"4","5355"
"2","5359"
"4","5366"
"4","5368"
"4","5371"
"4","5383"
"4","5384"
"3","5389"
"4","5393"
"3","5395"
"4","5400"
"4","5401"
"1","5402"
"3","5407"
"2","5408"
"4","5411"
"4","5412"
"1","5413"
"3","5415"
"2","5416"
"3","5422"
"4","5424"
"4","5430"
"4","5438"
"1","5443"
"4","5452"
"4","5454"
"4","5455"
"4","5460"
"3","5461"
"4","5470"
"1","5472"
"4","5476"
"4","5477"
"4","5485"
"2","5487"
"4","5488"
"4","5491"
"2","5492"
"2","5496"
"4","5499"
"4","5503"
"4","5508"
"2","5510"
"4","5512"
"3","5513"
"4","5515"
"3","5518"
"2","5521"
"1","5531"
"4","5533"
"1","5534"
"4","5539"
"3","5541"
"3","5543"
"2","5553"
"4","5556"
"4","5557"
"4","5558"
"4","5559"
"4","5560"
"4","5562"
"2","5563"
"4","5564"
"2","5567"
"4","5570"
"4","5572"
"1","5574"
"1","5575"
"1","5577"
"4","5578"
"4","5579"
"1","5580"
"4","5583"
"4","5588"
"3","5590"
"4","5591"
"4","5593"
"4","5597"
"4","5598"
"4","5599"
"1","5600"
"4","5604"
"3","5606"
"2","5607"
"4","5609"
"3","5619"
"4","5621"
"4","5623"
"4","5626"
"1","5627"
"4","5631"
"3","5632"
"2","5634"
"1","5635"
"2","5636"
"1","5639"
"1","5640"
"4","5641"
"2","5649"
"4","5662"
"4","5665"
"2","5666"
"1","5668"
"4","5671"
"4","5675"
"4","5676"
"1","5679"
"3","5682"
"3","5685"
"3","5690"
"2","5693"
"1","5694"
"3","5699"
"3","5701"
"4","5703"
"1","5705"
"4","5710"
"2","5714"
"4","5716"
"3","5718"
"4","5722"
"4","5725"
"2","5726"
"3","5730"
"3","5732"
"4","5733"
"2","5739"
"3","5742"
"4","5743"
"4","5744"
"4","5746"
"4","5748"
"1","5756"
"1","5757"
"4","5758"
"4","5760"
"1","5764"
"2","5765"
"1","5766"
"4","5768"
"3","5771"
"4","5773"
"3","5774"
"4","5787"
"4","5792"
"4","5797"
"4","5801"
"4","5802"
"1","5806"
"4","5809"
"4","5810"
"4","5812"
"4","5813"
"4","5817"
"4","5818"
"3","5820"
"4","5822"
"4","5828"
"2","5829"
"4","5835"
"2","5839"
"2","5841"
"4","5842"
"4","5844"
"4","5852"
"2","5853"
"2","5856"
"4","5857"
"1","5863"
"3","5865"
"1","5866"
"3","5868"
"4","5872"
"4","5874"
"4","5878"
"3","5881"
"4","5883"
"4","5888"
"4","5889"
"4","5891"
"2","5892"
"4","5894"
"4","5897"
"1","5901"
"4","5902"
"4","5903"
"4","5904"
"4","5907"
"3","5908"
"4","5910"
"1","5919"
"3","5920"
"3","5925"
"4","5928"
"4","5929"
"3","5936"
"3","5938"
"4","5946"
"4","5948"
"4","5949"
"2","5951"
"4","5952"
"4","5954"
"2","5956"
"4","5957"
"4","5969"
"2","5971"
"4","5973"
"4","5975"
"4","5977"
"4","5978"
"4","5980"
"4","5990"
"4","5992"
"4","5993"
"4","5995"
"2","5998"
"3","5999"
"4","6001"
"4","6010"
"4","6011"
"1","6012"
"4","6014"
"4","6016"
"4","6018"
"4","6019"
"2","6025"
"3","6026"
"4","6029"
"4","6030"
"4","6033"
"3","6035"
"3","6036"
"3","6037"
"3","6045"
"2","6046"
"4","6049"
"3","6051"
"1","6060"
"2","6067"
"4","6068"
"4","6072"
"3","6073"
"4","6075"
"4","6076"
"2","6080"
"2","6081"
"4","6082"
"4","6084"
"3","6085"
"4","6086"
"3","6087"
"4","6089"
"4","6092"
"4","6094"
"4","6095"
"4","6099"
"4","6102"
"1","6111"
"4","6112"
"3","6116"
"4","6118"
"3","6121"
"4","6126"
"4","6127"
"3","6130"
"4","6134"
"4","6135"
"1","6137"
"3","6145"
"4","6146"
"3","6150"
"1","6154"
"2","6163"
"4","6169"
"4","6171"
"4","6179"
"3","6180"
"4","6187"
"3","6193"
"4","6196"
"4","6199"
"4","6201"
"1","6206"
"1","6208"
"4","6210"
"2","6211"
"4","6214"
"2","6219"
"4","6225"
"4","6227"
"3","6233"
"4","6234"
"2","6237"
"4","6240"
"3","6242"
"4","6255"
"3","6256"
"4","6258"
"4","6259"
"3","6262"
"4","6267"
"4","6268"
"1","6269"
"4","6274"
"4","6277"
"3","6279"
"3","6283"
"4","6292"
"4","6296"
"4","6306"
"2","6307"
"4","6308"
"3","6311"
"3","6315"
"4","6316"
"4","6326"
"4","6327"
"4","6333"
"3","6335"
"4","6336"
"4","6340"
"1","6343"
"3","6347"
"4","6349"
"4","6356"
"4","6357"
"1","6359"
"4","6360"
"4","6362"
"4","6364"
"4","6365"
"4","6367"
"4","6368"
"4","6370"
"1","6372"
"2","6381"
"4","6383"
"4","6384"
"4","6387"
"1","6389"
"4","6392"
"4","6395"
"4","6399"
"3","6413"
"1","6452"
"1","6455"
"2","6459"
"3","6461"
"3","6471"
"2","6479"
"1","6504"
"3","6507"
"3","6530"
"2","6542"
"3","6564"
"3","6565"
"2","6566"
"1","6571"
"2","6573"
"3","6576"
"3","6583"
"3","6584"
"2","6585"
"2","6588"
"3","6607"
"2","6609"
"3","6615"
"3","6618"
"1","6620"
"2","6622"
"2","6623"
"3","6628"
"3","6637"
"1","6657"
"1","6670"
"2","6679"
"1","6680"
"3","6706"
"3","6708"
"3","6713"
"1","6718"
"3","6721"
"2","6732"
"3","6742"
"1","6743"
"1","6748"
"1","6750"
"1","6751"
"3","6759"
"3","6760"
"2","6769"
"3","6781"
"1","6782"
"2","6784"
"3","6788"
"2","6790"
"3","6800"
"3","6809"
"3","6817"
"1","6818"
"1","6823"
"1","6828"
"2","6829"
"2","6838"
"1","6839"
"2","6866"
"3","6877"
"1","6881"
"1","6890"
"3","6891"
"2","6894"
"3","6895"
"3","6902"
"2","6908"
"3","6916"
"1","6918"
"1","6922"
"1","6923"
"1","6928"
"2","6933"
"3","6935"
"2","6938"
"3","6940"
"3","6951"
"3","6961"
"1","6966"
"3","6976"
"1","6977"
"3","6984"
"2","6992"
"2","6997"
"1","7000"
"2","7004"
"2","7016"
"2","7020"
"1","7021"
"1","7035"
"1","7036"
"3","7039"
"3","7040"
"2","7042"
"3","7044"
"3","7047"
"3","7051"
"1","7056"
"2","7060"
"1","7063"
"1","7065"
"1","7069"
"1","7075"
"1","7076"
"1","7078"
"2","7083"
"2","7086"
"2","7098"
"3","7100"
"1","7103"
"1","7104"
"1","7105"
"1","7110"
"3","7111"
"1","7112"
"3","7115"
"3","7117"
"3","7123"
"3","7127"
"1","7131"
"3","7134"
"1","7140"
"1","7143"
"3","7144"
"3","7150"
"1","7154"
"1","7155"
"2","7162"
"3","7168"
"2","7170"
"1","7171"
"1","7173"
"3","7177"
"2","7178"
"3","7181"
"3","7184"
"2","7188"
"3","7192"
"2","7194"
"2","7196"
"3","7198"
"2","7203"
"1","7204"
"2","7209"
"3","7210"
"1","7213"
"3","7215"
"2","7216"
"2","7220"
"1","7222"
"1","7223"
"1","7225"
"2","7226"
"2","7227"
"3","7232"
"2","7236"
"3","7240"
"2","7242"
"2","7244"
"1","7246"
"1","7247"
"1","7251"
"1","7252"
"3","7255"
"2","7257"
"1","7258"
"1","7259"
"3","7269"
"2","7272"
"1","7276"
"3","7278"
"1","7280"
"3","7282"
"3","7299"
"3","7302"
"3","7303"
"1","7308"
"1","7310"
"2","7311"
"1","7316"
"3","7319"
"3","7320"
"2","7324"
"1","7326"
"3","7328"
"2","7332"
"1","7346"
"3","7347"
"2","7351"
"2","7364"
"3","7366"
"3","7370"
"1","7372"
"2","7379"
"3","7401"
"2","7409"
"1","7412"
"1","7413"
"3","7423"
"3","7425"
"2","7426"
"2","7427"
"2","7430"
"2","7431"
"3","7442"
"1","7444"
"3","7449"
"1","7451"
"1","7453"
"3","7455"
"1","7456"
"1","7460"
"3","7476"
"1","7479"
"1","7481"
"3","7491"
"1","7504"
"1","7507"
"3","7513"
"1","7520"
"3","7521"
"3","7524"
"2","7526"
"2","7530"
"3","7531"
"3","7538"
"3","7539"
"1","7543"
"1","7549"
"2","7562"
"2","7567"
"3","7569"
"1","7571"
"2","7576"
"1","7578"
"1","7585"
"3","7586"
"2","7588"
"2","7590"
"1","7591"
"1","7593"
"3","7601"
"3","7605"
"2","7609"
"2","7615"
"2","7618"
"3","7619"
"2","7627"
"3","7631"
"2","7633"
"1","7640"
"1","7641"
"2","7643"
"1","7645"
"1","7658"
"3","7709"
"3","7739"
"3","7757"
"1","7824"
"3","7841"
"2","7850"
"3","7856"
"3","7867"
"1","7872"
"3","7875"
"3","7877"
"3","7902"
"1","7904"
"3","7906"
"3","7912"
"2","7914"
"3","7915"
"1","7922"
"3","7943"
"1","7961"
"3","7967"
"2","7971"
"3","7972"
"1","7977"
"2","7978"
"1","7984"
"3","7994"
"3","8001"
"3","8006"
"3","8008"
"1","8013"
"2","8019"
"2","8031"
"3","8032"
"3","8043"
"3","8053"
"1","8063"
"1","8092"
"2","8121"
"3","8127"
"3","8141"
"1","8166"
"2","8222"
"3","8238"
"3","8241"
"2","8251"
"2","8298"
"2","8339"
"3","8350"
"2","8355"
"1","8361"
"2","8371"
"3","8372"
"2","8374"
"2","8386"
"1","8388"
"3","8400"
"3","8406"
"3","8409"
"2","8431"
"3","8432"
"1","8443"
"3","8457"
"1","8469"
"3","8517"
"3","8521"
"2","8524"
"1","8552"
"3","8577"
"2","8611"
"2","8636"
"2","8647"
"2","8674"
"3","8675"
"1","8688"
"3","8704"
"2","8711"
"3","8712"
"3","8721"
"3","8722"
"3","8723"
"3","8731"
"2","8732"
"3","8737"
"1","8746"
"2","8753"
"3","8759"
"2","8766"
"2","8767"
"3","8771"
"3","8773"
"1","8797"
"3","8802"
"3","8807"
"3","8816"
"1","8823"
"3","8838"
"2","8839"
"3","8841"
"3","8851"
"3","8856"
"1","8870"
"2","8879"
"3","8899"
"1","8912"
"1","8914"
"2","8917"
"2","8925"
"3","8939"
"2","8943"
"3","8948"
"3","8962"
"3","8968"
"1","8975"
"3","8985"
"1","8994"
"3","8999"
"2","9023"
"3","9027"
"3","9031"
"3","9051"
"1","9059"
"3","9063"
"1","9075"
"1","9088"
"2","9097"
"1","9105"
"3","9129"
"1","9146"
"2","9161"
"1","9188"
"1","9191"
"2","9195"
"3","9197"
"3","9207"
"2","9215"
"1","9240"
"3","9243"
"3","9256"
"1","9260"
"3","9261"
"1","9267"
"2","9268"
"3","9290"
"3","9291"
"2","9292"
"1","9297"
"2","9299"
"3","9302"
"3","9309"
"3","9310"
"2","9311"
"2","9314"
"3","9343"
"2","9345"
"3","9351"
"3","9354"
"1","9356"
"3","9366"
"2","9368"
"2","9369"
"3","9374"
"3","9383"
"2","9400"
"1","9413"
"1","9426"
"2","9435"
"1","9436"
"3","9462"
"3","9464"
"3","9469"
"1","9474"
"3","9477"
"2","9488"
"3","9498"
"1","9499"
"1","9504"
"1","9506"
"1","9507"
"3","9515"
"3","9516"
"2","9525"
"3","9537"
"1","9538"
"2","9540"
"3","9544"
"2","9546"
"3","9556"
"3","9565"
"3","9573"
"1","9574"
"1","9579"
"1","9584"
"2","9585"
"2","9622"
"3","9633"
"1","9637"
"1","9646"
"3","9647"
"2","9650"
"3","9651"
"3","9658"
"2","9664"
"3","9672"
"1","9674"
"2","9686"
"1","9688"
"1","9689"
"1","9694"
"2","9699"
"3","9701"
"2","9704"
"3","9706"
"3","9717"
"3","9727"
"1","9732"
"3","9742"
"1","9743"
"1","9749"
"3","9753"
"1","9755"
"3","9758"
"1","9759"
"3","9766"
"3","9767"
"1","9776"
"1","9777"
"3","9779"
"1","9780"
"3","9782"
"2","9785"
"3","9786"
"2","9794"
"3","9796"
"3","9797"
"3","9798"
"2","9802"
"2","9803"
"2","9809"
"2","9826"
"1","9829"
"1","9830"
"1","9831"
"1","9838"
"1","9841"
"1","9843"
"3","9848"
"1","9855"
"1","9857"
"2","9859"
"1","9860"
"1","9861"
"1","9863"
"3","9869"
"3","9880"
"2","9889"
"1","9892"
"2","9893"
"3","9894"
"1","9895"
"3","9896"
"3","9899"
"2","9901"
"3","9902"
"3","9905"
"1","9907"
"1","9913"
"3","9940"
"2","9959"
"2","9984"
"2","10001"
"3","10004"
"2","10007"
"1","10013"
"3","10037"
"2","10046"
"3","10049"
"3","10050"
"3","10054"
"2","10065"
"2","10070"
"3","10072"
"3","10075"
"1","10077"
"1","10080"
"1","10081"
"3","10084"
"1","10098"
"2","10118"
"1","10141"
"2","10142"
"3","10145"
"1","10152"
"3","10162"
"3","10166"
"1","10169"
"1","10182"
"3","10238"
"3","10243"
"3","10244"
"3","10253"
"3","10283"
"3","10301"
"1","10358"
"2","10374"
"3","10381"
"1","10386"
"3","10389"
"3","10391"
"3","10416"
"1","10418"
"3","10420"
"3","10426"
"2","10428"
"3","10429"
"1","10436"
"3","10457"
"1","10475"
"3","10481"
"2","10485"
"3","10486"
"1","10491"
"2","10492"
"1","10498"
"3","10508"
"3","10515"
"3","10520"
"3","10522"
"1","10527"
"2","10535"
"3","10536"
"3","10547"
"3","10562"
"2","10564"
"3","10567"
"1","10596"
"2","10615"
"3","10631"
"3","10645"
"1","10670"
"3","10687"
"3","10716"
"1","10737"
"3","10738"
"2","10756"
"3","10782"
"3","10785"
"2","10795"
"2","10873"
"3","10894"
"2","10899"
"1","10905"
"2","10915"
"3","10916"
"2","10918"
"2","10930"
"1","10932"
"3","10944"
"3","10950"
"3","10953"
"2","10975"
"3","10976"
"1","10987"
"3","11011"
"1","11023"
"3","11059"
"3","11091"
"3","11095"
"2","11098"
"1","11126"
"3","11141"
"2","11175"
"2","11196"
"3","11208"
"3","11211"
"1","11214"
"3","11222"
"2","11231"
"2","11241"
"2","11248"
"2","11252"
"2","11253"
"2","11254"
"2","11259"
"3","11260"
"3","11263"
"2","11265"
"2","11266"
"1","11270"
"2","11271"
"2","11273"
"1","11277"
"1","11278"
"3","11295"
"1","11300"
"1","11302"
"1","11307"
"2","11310"
"3","11313"
"3","11314"
"3","11315"
"1","11317"
"1","11321"
"3","11330"
"2","11336"
"2","11337"
"1","11338"
"3","11341"
"1","11353"
"2","11356"
"1","11358"
"2","11362"
"3","11363"
"3","11364"
"1","11365"
"3","11372"
"1","11375"
"2","11379"
"1","11381"
"3","11383"
"1","11387"
"1","11388"
"3","11390"
"3","11392"
"2","11396"
"3","11405"
"3","11408"
"3","11409"
"3","11417"
"1","11419"
"1","11422"
"3","11423"
"3","11430"
"1","11435"
"3","11436"
"1","11445"
"1","11452"
"2","11455"
"1","11463"
"1","11472"
"1","11479"
"1","11480"
"1","11483"
"3","11485"
"1","11490"
"3","11492"
"3","11494"
"2","11495"
"1","11498"
"1","11499"
"1","11503"
"1","11505"
"3","18433"
"1","18434"
"3","18436"
"2","18439"
"1","18443"
"2","18445"
"1","18447"
"3","18451"
"3","18460"
"2","18463"
"1","18464"
"3","18467"
"1","18468"
"1","18473"
"3","18490"
"1","18493"
"1","18509"
"3","18511"
"3","18513"
"3","18517"
"1","18520"
"1","18521"
"3","18524"
"3","18532"
"2","18535"
"1","18552"
"1","18558"
"1","18568"
"3","18573"
"2","18576"
"1","18580"
"1","18584"
"1","18588"
"3","18590"
"3","18617"
"3","18619"
"3","18632"
"1","18635"
"2","18636"
"2","18639"
"3","18643"
"1","18644"
"3","18647"
"2","18649"
"2","18650"
"1","18651"
"2","18656"
"2","18657"
"3","18660"
"1","18661"
"3","18662"
"2","18663"
"1","18664"
"1","18669"
"2","18670"
"3","18671"
"3","18688"
"1","18698"
"3","18720"
"3","18749"
"3","18751"
"3","18759"
"3","18760"
"1","18772"
"1","18774"
"1","18786"
"3","18791"
"1","18797"
"1","18798"
"1","18799"
"1","18803"
"3","18804"
"3","18809"
"1","18815"
"2","18838"
"3","18844"
"1","18855"
"3","18859"
"3","18860"
"1","18867"
"2","18872"
"3","18874"
"1","18876"
"2","18879"
"1","18885"
"1","18886"
"1","18889"
"1","18890"
"2","18891"
"3","18899"
"3","18901"
"3","18906"
"2","18908"
"1","18911"
"1","18912"
"1","18916"
"1","18917"
"2","18919"
"1","18923"
"1","18925"
"3","18933"
"1","18938"
"1","18943"
"3","18951"
"1","18953"
"1","18958"
"3","18972"
"3","18973"
"1","18975"
"1","18979"
"1","18983"
"3","18996"
"3","19457"
"3","19458"
"1","19472"
"3","19478"
"3","19481"
"3","19484"
"3","19501"
"3","19516"
"3","19541"
"3","19544"
"1","19555"
"1","19563"
"3","19565"
"3","19567"
"3","19579"
"3","19595"
"1","19600"
"2","19604"
"3","19605"
"2","19610"
"1","19613"
"3","19626"
"1","19637"
"3","19646"
"3","19654"
"2","19661"
"1","19663"
"2","19664"
"2","19665"
"2","19677"
"3","19680"
"1","19685"
"2","19686"
"3","19689"
"1","19692"
"2","19694"
"1","19698"
"1","19701"
"1","19703"
"1","19708"
"3","19715"
"3","19730"
"3","19739"
"1","19747"
"2","19748"
"2","19750"
"2","19755"
"1","19765"
"3","19771"
"2","19775"
"3","19777"
"3","19779"
"1","19783"
"3","19786"
"2","19788"
"3","19792"
"2","19793"
"2","19799"
"3","19807"
"1","19810"
"1","19814"
"1","19817"
"3","19818"
"2","19819"
"1","19824"
"1","19829"
"2","19837"
"3","19859"
"2","19865"
"2","19867"
"2","19875"
"1","19879"
"2","19887"
"3","19889"
"1","19894"
"3","19899"
"1","19902"
"3","19909"
"3","19915"
"2","19916"
"1","19917"
"3","19935"
"1","19938"
"3","19945"
"2","19969"
"2","19980"
"2","19985"
"1","19986"
"1","20001"
"3","20002"
"3","20004"
"1","20008"
"1","20011"
"1","20012"
"3","20014"
"1","20026"
"1","20037"
"3","20042"
"2","20049"
"1","20054"
"3","20056"
"1","20059"
"3","20060"
"1","20061"
"1","20062"
"3","20073"
"1","20085"
"3","20086"
"1","20092"
"2","20093"
"3","20096"
"3","20102"
"2","20103"
"3","20104"
"1","20106"
"1","20108"
"1","20111"
"1","20114"
"1","20116"
"1","20119"
"1","20133"
"2","20135"
"1","20137"
"1","20144"
"2","20149"
"2","20150"
"1","20154"
"1","20161"
"2","20164"
"3","20165"
"2","20173"
"1","20177"
"1","20180"
"2","20181"
"1","20182"
"1","20183"
"1","20184"
"1","20189"
"2","20198"
"3","20210"
"3","20211"
"2","20214"
"2","20215"
"2","20217"
"1","20219"
"1","20220"
"1","20223"
"3","20228"
"1","20229"
"1","20235"
"2","20237"
"3","20238"
"2","20245"
"3","20256"
"2","20272"
"3","20281"
"3","20283"
"3","20284"
"3","20290"
"3","20293"
"3","20295"
"3","20298"
"1","20299"
"3","20311"
"2","20316"
"3","20317"
"2","20328"
"3","20330"
"2","20336"
"2","20343"
"1","20346"
"1","20347"
"1","20348"
"1","20358"
"2","20360"
"3","20361"
"3","20362"
"2","20363"
"1","20370"
"3","20375"
"2","20385"
"1","20392"
"1","20400"
"3","20405"
"1","20406"
"3","20412"
"2","20425"
"3","20427"
"3","20438"
"3","20446"
"3","20453"
"1","20455"
"2","20457"
"1","20460"
"2","20470"
"1","20475"
"3","20495"
"1","20499"
"3","20502"
"2","20504"
"3","20507"
"3","20509"
"2","20510"
"3","20517"
"1","20521"
"2","20522"
"1","20523"
"3","20524"
"1","20526"
"1","20527"
"3","20529"
"1","20535"
"2","20538"
"1","20544"
"3","20552"
"3","20559"
"3","21504"
"2","21506"
"3","21507"
"1","21508"
"2","21512"
"3","21516"
"3","21518"
"2","21523"
"2","21535"
"1","21542"
"3","21544"
"1","21555"
"1","21564"
"2","21565"
"2","21568"
"1","21569"
"3","21571"
"2","21581"
"3","21587"
"1","21600"
"2","21605"
"1","21606"
"3","21608"
"3","21611"
"2","21616"
"3","21625"
"2","21631"
"2","21641"
"1","21645"
"1","21647"
"1","21649"
"3","21650"
"2","21660"
"1","21662"
"3","21669"
"2","21678"
"2","21684"
"2","21696"
"1","21702"
"3","21704"
"1","21721"
"2","21734"
"3","21738"
"3","21746"
"1","21750"
"2","21755"
"1","21756"
"3","21758"
"2","21760"
"3","21762"
"2","21767"
"1","21781"
"3","21785"
"1","21790"
"1","21791"
"1","21793"
"2","21795"
"2","21798"
"1","21799"
"1","21803"
"1","21806"
"3","21807"
"1","21809"
"1","21810"
"3","21811"
"3","21813"
"2","21814"
"1","21816"
"3","21817"
"1","21818"
"3","21820"
"1","21821"
"1","21822"
"1","21824"
"2","21828"
"2","21831"
"3","21837"
"1","21844"
"1","21846"
"1","21848"
"1","21851"
"2","21854"
"1","21856"
"3","21859"
"1","21862"
"1","21869"
"1","21874"
"2","21876"
"3","21878"
"2","21880"
"2","21881"
"1","21882"
"1","21884"
"2","21885"
"2","21886"
"1","21888"
"1","21890"
"1","21891"
"1","21894"
"2","21898"
"3","21899"
"1","21901"
"2","21903"
"2","21904"
"1","21907"
"1","21912"
"1","21914"
"1","21915"
"3","21917"
"1","21918"
"1","21922"
"1","21923"
"1","21924"
"1","21926"
"2","21929"
"1","21930"
"1","21932"
"1","21933"
"1","21934"
"1","21936"
"3","21938"
"1","21939"
"1","21943"
"1","21947"
"1","21948"
"3","21953"
"3","21957"
"2","21958"
"1","21965"
"1","21966"
"1","21967"
"2","21970"
"1","21973"
"3","21974"
"1","21976"
"3","21977"
"1","21978"
"3","21982"
"2","21984"
"3","21986"
"1","21987"
"1","21988"
"3","21989"
"2","21991"
"1","21992"
"2","21993"
"1","21994"
"1","21995"
"3","21996"
"1","21999"
"2","22000"
"1","22002"
"1","22009"
"3","22013"
"2","22016"
"3","22039"
"1","22045"
"3","22061"
"1","22077"
"3","22083"
"2","22093"
"2","22124"
"1","22128"
"1","22130"
"1","22132"
"1","22142"
"3","22149"
"1","22150"
"3","22152"
"1","22154"
"1","22168"
"1","22173"
"1","22174"
"1","22180"
"1","22183"
"1","22185"
"1","22186"
"1","22188"
"1","22194"
"1","22204"
"1","22206"
"3","22208"
"3","22210"
"1","22218"
"2","22227"
"1","22231"
"3","22239"
"1","22245"
"1","22253"
"1","22255"
"2","22257"
"3","22258"
"3","22268"
"3","22270"
"3","22272"
"3","22276"
"2","22277"
"3","22279"
"3","22284"
"3","22289"
"1","22290"
"2","22296"
"2","22297"
"3","22302"
"1","22304"
"1","22307"
"1","22323"
"2","22329"
"1","22335"
"3","22345"
"3","22353"
"3","22361"
"1","22381"
"1","22385"
"1","22386"
"1","22389"
"3","22392"
"3","22393"
"2","22399"
"3","22400"
"3","22405"
"1","22406"
"1","22410"
"2","22412"
"1","22423"
"2","22426"
"3","22428"
"1","22435"
"1","22437"
"1","22438"
"1","22439"
"3","22440"
"1","22454"
"1","22455"
"1","22458"
"1","22459"
"1","22460"
"1","22461"
"1","22462"
"1","22464"
"1","22465"
"1","22466"
"2","22468"
"2","22469"
"1","22472"
"1","22482"
"1","22484"
"1","22489"
"3","22493"
"2","22494"
"1","22503"
"1","22505"
"1","22506"
"1","22508"
"2","22514"
"2","22520"
"1","22528"
"2","22537"
"1","22541"
"3","22543"
"3","22544"
"1","22546"
"2","22553"
"2","22560"
"3","22565"
"1","22573"
"1","22575"
"2","22577"
"3","22578"
"1","22584"
"1","22588"
"2","22592"
"3","22598"
"3","22600"
"3","22602"
"1","22615"
"3","22616"
"1","22617"
"3","22619"
"1","22621"
"1","22622"
"2","22630"
"2","22632"
"2","22636"
"1","22645"
"1","22649"
"2","22650"
"2","22652"
"2","22658"
"1","22666"
"3","22667"
"3","22669"
"3","22670"
"1","22671"
"1","22672"
"3","22673"
"2","22685"
"1","22688"
"2","22689"
"1","22690"
"1","22691"
"3","22694"
"3","22718"
"3","22720"
"2","22727"
"3","22731"
"3","22739"
"3","22742"
"3","22749"
"1","22753"
"2","22758"
"1","22759"
"3","22761"
"1","22773"
"2","22779"
"2","22780"
"2","22786"
"2","22789"
"3","22790"
"1","22797"
"1","22801"
"3","22807"
"2","22816"
"3","22820"
"3","22825"
"3","22827"
"3","22829"
"1","22830"
"3","22833"
"1","22834"
"2","22835"
"3","22838"
"1","22839"
"1","22843"
"3","22845"
"3","22852"
"1","22861"
"1","22862"
"3","22869"
"1","22872"
"1","22873"
"3","22875"
"2","22877"
"2","22882"
"3","22883"
"3","22896"
"1","22899"
"1","22906"
"1","22911"
"1","22912"
"1","22915"
"1","22916"
"1","22917"
"2","22920"
"3","22926"
"1","22940"
"3","22947"
"3","22957"
"1","22959"
"1","22966"
"3","22969"
"1","22981"
"1","22982"
"3","22983"
"1","22996"
"1","23001"
"1","23002"
"1","23003"
"1","23004"
"3","23006"
"2","23009"
"2","23010"
"1","23012"
"1","23013"
"1","23015"
"1","23016"
"1","23017"
"1","23018"
"1","23019"
"2","23020"
"3","23022"
"2","23547"
"2","23552"
"1","23559"
"2","23560"
"3","23561"
"1","23570"
"3","23571"
"1","23573"
"1","23574"
"3","23575"
"1","23576"
"3","23579"
"1","23586"
"2","23587"
"2","23589"
"2","23592"
"1","23594"
"2","23602"
"3","23606"
"1","23613"
"2","23615"
"3","23621"
"3","23635"
"3","23644"
"3","23648"
"1","23655"
"3","23674"
"1","23681"
"2","23686"
"1","23804"
"2","23808"
"3","23821"
"2","23827"
"2","23854"
"1","23870"
"3","23877"
"1","23879"
"1","23891"
"1","23896"
"3","23910"
"1","23917"
"1","23920"
"2","23922"
"1","23951"
"1","23961"
"2","23992"
"3","23993"
"1","24004"
"1","24007"
"2","24015"
"3","24020"
"2","24061"
"1","24063"
"3","24065"
"3","24068"
"2","24070"
"3","24074"
"3","24078"
"2","24080"
"3","24082"
"1","24087"
"1","24092"
"2","24096"
"3","24100"
"2","24119"
"1","24122"
"1","24123"
"1","24125"
"2","24127"
"3","24128"
"3","24129"
"1","24133"
"3","24136"
"1","24139"
"1","24142"
"2","24145"
"3","24155"
"1","24157"
"3","24163"
"3","24166"
"2","24178"
"1","24182"
"3","24184"
"3","24186"
"3","24189"
"3","24191"
"3","24195"
"1","24220"
"3","24221"
"3","24225"
"3","24236"
"3","24254"
"3","24259"
"2","24260"
"3","24268"
"2","24270"
"1","24271"
"1","24275"
"1","24282"
"3","24291"
"3","24294"
"3","24296"
"3","24301"
"3","24304"
"1","24307"
"3","24312"
"3","24313"
"3","24331"
"3","24343"
"2","24353"
"2","24381"
"1","24382"
"3","24385"
"2","24392"
"2","24405"
"3","24413"
"1","24418"
"1","24425"
"2","24463"
"3","24505"
"3","24531"
"3","24532"
"2","24540"
"1","24544"
"1","24550"
"1","24554"
"3","24562"
"1","24567"
"2","24569"
"2","24570"
"1","24585"
"1","24595"
"1","24596"
"1","24597"
"2","24602"
"2","24606"
"3","24617"
"3","24622"
"3","24623"
"3","24625"
"3","24665"
"3","24690"
"3","24697"
"1","24700"
"2","24701"
"3","24709"
"1","24714"
"1","24723"
"1","24734"
"1","24747"
"1","24751"
"2","25088"
"1","25090"
"2","25098"
"1","25099"
"3","25100"
"1","25105"
"1","25114"
"1","25122"
"1","25141"
"1","25180"
"3","25190"
"3","25209"
"3","25271"
"1","25313"
"1","25325"
"3","25326"
"1","25341"
"2","25358"
"3","25362"
"1","25368"
"1","25389"
"1","25409"
"1","25420"
"2","25424"
"3","25440"
"3","25443"
"2","25446"
"1","25447"
"3","25473"
"3","25481"
"2","25485"
"1","25505"
"3","25510"
"2","25513"
"1","25521"
"3","25563"
"3","25570"
"3","25593"
"1","25594"
"3","25596"
"1","25600"
"3","25614"
"1","25622"
"1","25630"
"2","25648"
"3","25649"
"1","25658"
"1","25697"
"2","25721"
"3","25730"
"3","25754"
"1","25755"
"3","25760"
"2","25783"
"1","25830"
"1","25836"
"1","25842"
"1","25881"
"1","25884"
"3","25889"
"2","25892"
"2","25897"
"1","25900"
"3","26105"
"2","26106"
"3","26117"
"1","26121"
"2","26125"
"2","26127"
"2","26129"
"1","26131"
"3","26135"
"1","26136"
"1","26137"
"1","26140"
"1","26142"
"1","26143"
"1","26156"
"3","26159"
"3","26163"
"3","26166"
"2","26175"
"2","26180"
"3","26184"
"3","26211"
"3","26215"
"3","26217"
"3","26218"
"2","26231"
"3","26236"
"2","26237"
"3","26246"
"1","26247"
"2","26248"
"3","26254"
"3","26255"
"1","26258"
"3","26259"
"1","26260"
"2","26264"
"3","26265"
"2","26267"
"3","26282"
"2","26284"
"1","26287"
"1","26299"
"2","26301"
"2","26305"
"1","26308"
"2","26311"
"2","26313"
"1","26315"
"3","26318"
"1","26320"
"3","26321"
"3","26324"
"3","26327"
"3","26331"
"3","26333"
"3","26340"
"3","26341"
"1","26347"
"1","26350"
"1","26351"
"2","26353"
"3","26354"
"1","26355"
"1","26361"
"3","26362"
"3","26371"
"3","26372"
"1","26373"
"1","26377"
"2","26383"
"2","26385"
"1","26388"
"2","26393"
"2","26397"
"1","26400"
"2","26401"
"1","26402"
"1","26410"
"1","26411"
"2","26419"
"3","26423"
"1","26432"
"1","26434"
"1","26439"
"1","26449"
"2","26454"
"1","26462"
"2","26467"
"1","26478"
"1","26479"
"1","26486"
"1","26488"
"2","26489"
"1","26490"
"1","26492"
"1","26494"
"2","26497"
"2","26501"
"2","26503"
"3","26506"
"3","26507"
"1","26510"
"3","26513"
"1","26514"
"2","26518"
"1","26520"
"1","26521"
"2","26522"
"2","26525"
"1","26526"
"3","26527"
"2","26530"
"3","26531"
"3","26532"
"3","26536"
"3","26540"
"1","26542"
"3","26548"
"3","26550"
"1","26556"
"3","26558"
"3","26566"
"2","26567"
"1","26573"
"3","26579"
"3","26580"
"1","26583"
"2","26584"
"3","26588"
"2","26595"
"1","26598"
"1","26599"
"2","26602"
"3","26605"
"1","26607"
"2","26615"
"3","26616"
"1","26618"
"3","26621"
"1","26623"
"1","26625"
"1","26627"
"2","26631"
"1","26633"
"3","26640"
"2","26641"
"3","26642"
"2","26650"
"1","26653"
"2","26663"
"3","26669"
"3","26676"
"1","26680"
"1","26685"
"1","26686"
"1","26692"
"3","26695"
"2","26697"
"3","26698"
"3","26703"
"1","26706"
"3","26710"
"3","26713"
"1","26715"
"1","26717"
"1","26718"
"3","26720"
"3","26725"
"2","26729"
"3","26732"
"1","26734"
"2","26735"
"1","26737"
"1","26738"
"2","26740"
"1","26741"
"1","26743"
"3","26746"
"3","26766"
"2","26767"
"3","26769"
"2","26770"
"1","26771"
"2","26772"
"2","26776"
"3","26777"
"3","26781"
"1","26792"
"2","26794"
"3","26795"
"3","26796"
"3","26798"
"3","26799"
"1","26800"
"2","26801"
"1","26804"
"1","26808"
"2","26811"
"1","26815"
"2","26821"
"2","26822"
"2","26825"
"2","26832"
"3","26837"
"2","26839"
"2","26840"
"2","26856"
"2","26857"
"3","26860"
"3","26862"
"3","26865"
"3","26872"
"2","26877"
"3","26900"
"2","26901"
"3","26903"
"2","26917"
"3","26918"
"3","26924"
"2","26925"
"3","26931"
"2","26935"
"2","26936"
"3","26941"
"2","26953"
"3","26954"
"3","26955"
"3","26956"
"2","26959"
"2","26961"
"2","26962"
"3","26963"
"3","26984"
"3","26985"
"3","26987"
"3","26990"
"3","26998"
"2","26999"
"3","27008"
"3","27009"
"3","27013"
"2","27014"
"3","27018"
"2","27024"
"2","27025"
"2","27048"
"2","27049"
"2","27050"
"2","27051"
"2","27055"
"2","27058"
"2","27068"
"2","27086"
"2","27093"
"2","27140"
"2","27165"
"2","27168"
"2","27245"
"2","27265"
"2","27285"
"2","27371"
"2","27459"
"2","27490"
"2","27534"
"2","27567"
"2","27620"
"2","27626"
"2","27674"
"2","27748"
"2","27753"
"2","27793"
"2","27830"
"2","27840"
"2","27922"
"2","27949"
"2","27952"
"2","27957"
"2","28045"
"2","28102"
"2","28104"
"2","28281"
"2","28299"
"2","28352"
"2","28363"
"2","28374"
"2","28417"
"2","28479"
"2","28534"
"2","28547"
"2","28569"
"2","28573"
"2","28600"
"2","28661"
"2","28675"
"2","28677"
"2","28681"
"2","28686"
"2","28689"
"2","28691"
"2","28701"
"2","28722"
"2","28726"
"2","28750"
"2","28754"
"2","28757"
"2","28762"
"2","28777"
"2","28788"
"2","28810"
"2","28820"
"2","28845"
"2","28846"
"2","28850"
"2","28871"
"2","28874"
"2","28882"
"2","28885"
"2","28893"
"2","28924"
"2","28961"
"2","28972"
"2","28996"
"2","29004"
"2","29025"
"2","29041"
"2","29077"
"2","29090"
"2","29093"
"2","29095"
"2","29098"
"2","29115"
"2","29128"
"2","29139"
"2","29147"
"2","29159"
"2","29170"
"2","29191"
"2","29196"
"2","29214"
"2","29216"
"2","29227"
"2","29229"
"2","29232"
"2","29241"
"2","29244"
"2","29264"
"2","29280"
"2","29313"
"2","29415"
"2","29417"
"2","29465"
"2","29529"
"2","29549"
"2","29562"
"2","29636"
"2","29652"
"2","29667"
"2","29870"
"2","29889"
"2","29902"
"2","29907"
"2","29912"
"2","29937"
"2","29967"
"2","29984"
"2","29985"
"2","29988"
"2","29989"
"2","30084"
"2","30088"
"2","30120"
"2","30125"
"2","30134"
"2","30146"
"2","30148"
"2","30167"
"2","30173"
"2","30176"
"2","30185"
"2","30191"
"2","30201"
"2","30224"
"2","30242"
"2","30265"
"2","30266"
"2","30314"
"2","30317"
"2","30318"
"2","30329"
"2","30339"
"2","30367"
"2","30376"
"2","30430"
"2","30433"
"2","30438"
"2","30487"
"2","30495"
"2","30566"
"2","30571"
"2","30575"
"2","30589"
"2","30600"
"2","30632"
"2","30642"
"2","30646"
"2","30686"
"2","30713"
"2","30715"
"2","30728"
"2","30745"
"2","30772"
"2","30793"
"2","30805"
"2","30818"
"2","30844"
"2","30908"
"2","30918"
"2","30920"
"2","30932"
"2","30935"
"2","30971"
"2","31030"
"2","31035"
"2","31050"
"2","31077"
"2","31104"
"2","31125"
"2","31146"
"2","31159"
"2","31160"
"2","31242"
"2","31290"
"2","31298"
"2","31316"
"2","31386"
"2","31460"
"2","31538"
"2","31558"
"2","31621"
"2","31645"
"2","31652"
"2","31664"
"2","31667"
"2","31688"
"2","31701"
"2","31702"
"2","31758"
"2","31811"
"2","31848"
"2","31863"
"2","31869"
"2","31908"
"2","31917"
"2","31945"
"2","31973"
"2","31987"
"2","32012"
"2","32017"
"2","32071"
"2","32076"
"2","32083"
"2","32095"
"2","32099"
"2","32121"
"2","32139"
"2","32162"
"2","32165"
"2","32177"
"2","32241"
"2","32249"
"2","32257"
"2","32267"
"2","32273"
"2","32275"
"2","32282"
"2","32288"
"2","32295"
"2","32299"
"2","32305"
"2","32306"
"2","32315"
"2","32321"
"2","32323"
"2","32336"
"2","32351"
"2","32390"
"2","32403"
"2","32411"
"2","32430"
"2","32443"
"2","32458"
"2","32488"
"2","32505"
"2","32506"
"2","32509"
"2","32510"
"2","32605"
"2","32609"
"2","32641"
"2","32646"
"2","32655"
"2","32667"
"2","32669"
"2","32688"
"2","32694"
"2","32697"
"2","32706"
"2","32712"
"2","32722"
"2","32929"
"2","32993"
"2","33050"
"2","33057"
"2","33098"
"2","33110"
"2","33200"
"2","33301"
"2","33330"
"2","33377"
"2","33418"
"2","33434"
"2","33450"
"2","33453"
"2","33465"
"2","33510"
"2","33603"
"2","33690"
"2","33715"
"2","33726"
"2","33753"
"2","33790"
"2","33811"
"2","33832"
"2","33845"
"2","33846"
"2","33918"
"2","33958"
"2","33996"
"2","34004"
"2","34022"
"2","34102"
"2","34176"
"2","34240"
"2","34274"
"2","34294"
"2","34347"
"2","34371"
"2","34378"
"2","34390"
"2","34393"
"2","34424"
"2","34447"
"2","34448"
"2","34479"
"2","34514"
"2","34567"
"2","34604"
"2","34619"
"2","34625"
"2","34664"
"2","34701"
"2","34729"
